{"cameraMode":{"drawMode":0,"name":"Shaded","section":"Shading Mode"},"sceneLighting":true,"audioPlay":false,"sceneViewState":{"showFog":true,"showMaterialUpdate":true,"showSkybox":true,"showFlares":true,"showImageEffects":true,"showParticleSystems":true},"in2DMode":false,"pivot":{"x":-0.19146418571472169,"y":0.09305077791213989,"z":0.16264116764068604},"rotation":{"x":-0.07436159998178482,"y":0.9138216972351074,"z":-0.19506990909576417,"w":-0.3483527600765228},"size":1.7203025817871094,"orthographic":false}